{"cameraMode":{"drawMode":0,"name":"Shaded","section":"Shading Mode"},"sceneLighting":false,"audioPlay":false,"sceneViewState":{"showFog":false,"showMaterialUpdate":false,"showSkybox":false,"showFlares":false,"showImageEffects":false,"showParticleSystems":false},"in2DMode":false,"pivot":{"x":54.77947998046875,"y":1.3959115743637086,"z":-0.8733208775520325},"rotation":{"x":-0.15925002098083497,"y":0.29533851146698,"z":-0.05001542344689369,"w":-0.9407294392585754},"size":5.3714985847473148,"orthographic":false}