{"cameraMode":{"drawMode":0,"name":"Shaded","section":"Shading Mode"},"sceneLighting":false,"audioPlay":false,"sceneViewState":{"showFog":false,"showMaterialUpdate":false,"showSkybox":false,"showFlares":false,"showImageEffects":false,"showParticleSystems":false},"in2DMode":false,"pivot":{"x":0.3176867961883545,"y":1.8203446865081788,"z":-0.16353321075439454},"rotation":{"x":-0.015300306491553784,"y":0.9721354842185974,"z":-0.2243509590625763,"w":-0.06630434840917587},"size":8.899319648742676,"orthographic":false}