{"cameraMode":{"drawMode":0,"name":"Shaded","section":"Shading Mode"},"sceneLighting":false,"audioPlay":false,"sceneViewState":{"showFog":false,"showMaterialUpdate":false,"showSkybox":false,"showFlares":false,"showImageEffects":false,"showParticleSystems":false},"in2DMode":false,"pivot":{"x":7.229999542236328,"y":1.2999999523162842,"z":0.0},"rotation":{"x":-0.16987210512161256,"y":0.007097531110048294,"z":-0.0012404922163113952,"w":-0.9854695796966553},"size":16.146411895751954,"orthographic":false}