{"cameraMode":{"drawMode":0,"name":"Shaded","section":"Shading Mode"},"sceneLighting":false,"audioPlay":false,"sceneViewState":{"showFog":false,"showMaterialUpdate":false,"showSkybox":false,"showFlares":false,"showImageEffects":false,"showParticleSystems":false},"in2DMode":false,"pivot":{"x":904.3441162109375,"y":914.24755859375,"z":278.53765869140627},"rotation":{"x":-0.006409625988453627,"y":-0.9834274649620056,"z":0.17774496972560883,"w":-0.035410650074481967},"size":1816.13427734375,"orthographic":false}