{"cameraMode":{"drawMode":0,"name":"Shaded","section":"Shading Mode"},"sceneLighting":false,"audioPlay":false,"sceneViewState":{"showFog":false,"showMaterialUpdate":false,"showSkybox":false,"showFlares":false,"showImageEffects":false,"showParticleSystems":false},"in2DMode":false,"pivot":{"x":16.8799991607666,"y":1.2999999523162842,"z":0.0},"rotation":{"x":-0.5778062343597412,"y":-0.038149602711200717,"z":0.027070390060544015,"w":-0.8148581385612488},"size":16.146411895751954,"orthographic":false}