{"cameraMode":{"drawMode":0,"name":"Shaded","section":"Shading Mode"},"sceneLighting":false,"audioPlay":false,"sceneViewState":{"showFog":false,"showMaterialUpdate":false,"showSkybox":false,"showFlares":false,"showImageEffects":false,"showParticleSystems":false},"in2DMode":false,"pivot":{"x":0.12843859195709229,"y":0.7339582443237305,"z":-0.0022830963134765627},"rotation":{"x":-0.16987210512161256,"y":0.007097531110048294,"z":-0.0012404922163113952,"w":-0.9854695796966553},"size":5.671498775482178,"orthographic":false}