{"cameraMode":{"drawMode":0,"name":"Shaded","section":"Shading Mode"},"sceneLighting":false,"audioPlay":false,"sceneViewState":{"showFog":false,"showMaterialUpdate":false,"showSkybox":false,"showFlares":false,"showImageEffects":false,"showParticleSystems":false},"in2DMode":false,"pivot":{"x":0.647318959236145,"y":2.430842399597168,"z":2.697770595550537},"rotation":{"x":0.026026375591754915,"y":0.9697113037109375,"z":-0.21156823635101319,"w":0.1192895919084549},"size":1.7256650924682618,"orthographic":false}