{"cameraMode":{"drawMode":0,"name":"Shaded","section":"Shading Mode"},"sceneLighting":false,"audioPlay":false,"sceneViewState":{"showFog":false,"showMaterialUpdate":false,"showSkybox":false,"showFlares":false,"showImageEffects":false,"showParticleSystems":false},"in2DMode":false,"pivot":{"x":0.006707906723022461,"y":1.5385633707046509,"z":0.27439820766448977},"rotation":{"x":-0.3346090018749237,"y":0.16531386971473695,"z":-0.05974949523806572,"w":-0.9258235692977905},"size":9.26189136505127,"orthographic":false}