{"cameraMode":{"drawMode":0,"name":"Shaded","section":"Shading Mode"},"sceneLighting":false,"audioPlay":false,"sceneViewState":{"showFog":false,"showMaterialUpdate":false,"showSkybox":false,"showFlares":false,"showImageEffects":false,"showParticleSystems":false},"in2DMode":false,"pivot":{"x":-0.00000286102294921875,"y":1.7885265350341797,"z":0.03793412446975708},"rotation":{"x":-0.029991989955306054,"y":0.9522583484649658,"z":-0.28708335757255556,"w":-0.0994892492890358},"size":8.551751136779786,"orthographic":false}